insert into
    cinemas(id,name,city)
values
    (1,'Multikino' ,'Wrocław'),
    (2,'Multikino' ,'Kalisz');

insert into
    rooms(id, name, screen_size, screen_x, screen_y, rows_number, seats_number, cinema_id)
values
    (1, 'SALA 1', 200, 10, 10, 10, 19, 1),
    (2, 'SALA 2', 200, 10, 10, 9, 20, 1),
    (3, 'SALA 3', 200, 10, 10, 10, 17, 1),
    (4, 'SALA 1', 200, 10, 10, 10, 17, 2);

insert into
    seat_types(id, price, type)
values
    (1, 0, 'EMPTY'),
    (2, 15.99, 'STANDARD'),
    (3, 19.99, 'PREMIUM');

insert into
    seats(id, seat_number, seat_row, room_id, seat_type_id)
values
    (1, 1, 1, 1, 1),
    (2, 2, 1, 1, 1),
    (3, 3, 1, 1, 2),
    (4, 4, 1, 1, 2),
    (5, 5, 1, 1, 2),
    (6, 6, 1, 1, 2),
    (7, 7, 1, 1, 2),
    (8, 8, 1, 1, 2),
    (9, 9, 1, 1, 2),
    (10, 10, 1, 1, 2),
    (11, 11, 1, 1, 2),
    (12, 12, 1, 1, 2),
    (13, 13, 1, 1, 2),
    (14, 14, 1, 1, 2),
    (15, 15, 1, 1, 2),
    (16, 16, 1, 1, 2),
    (17, 17, 1, 1, 2),
    (18, 18, 1, 1, 2),
    (19, 19, 1, 1, 2),
    (20, 1, 2, 1, 1),
    (21, 2, 2, 1, 1),
    (22, 3, 2, 1, 2),
    (23, 4, 2, 1, 2),
    (24, 5, 2, 1, 2),
    (25, 6, 2, 1, 2),
    (26, 7, 2, 1, 2),
    (27, 8, 2, 1, 2),
    (28, 9, 2, 1, 2),
    (29, 10, 2, 1, 2),
    (30, 11, 2, 1, 2),
    (31, 12, 2, 1, 2),
    (32, 13, 2, 1, 2),
    (33, 14, 2, 1, 2),
    (34, 15, 2, 1, 2),
    (35, 16, 2, 1, 2),
    (36, 17, 2, 1, 2),
    (37, 18, 2, 1, 2),
    (38, 19, 2, 1, 2),
    (39, 1, 3, 1, 1),
    (40, 2, 3, 1, 1),
    (41, 3, 3, 1, 2),
    (42, 4, 3, 1, 2),
    (43, 5, 3, 1, 2),
    (44, 6, 3, 1, 2),
    (45, 7, 3, 1, 2),
    (46, 8, 3, 1, 2),
    (47, 9, 3, 1, 2),
    (48, 10, 3, 1, 2),
    (49, 11, 3, 1, 2),
    (50, 12, 3, 1, 2),
    (51, 13, 3, 1, 2),
    (52, 14, 3, 1, 2),
    (53, 15, 3, 1, 2),
    (54, 16, 3, 1, 2),
    (55, 17, 3, 1, 2),
    (56, 18, 3, 1, 2),
    (57, 19, 3, 1, 2),
    (58, 1, 4, 1, 1),
    (59, 2, 4, 1, 1),
    (60, 3, 4, 1, 3),
    (61, 4, 4, 1, 3),
    (62, 5, 4, 1, 3),
    (63, 6, 4, 1, 3),
    (64, 7, 4, 1, 3),
    (65, 8, 4, 1, 3),
    (66, 9, 4, 1, 3),
    (67, 10, 4, 1, 3),
    (68, 11, 4, 1, 3),
    (69, 12, 4, 1, 3),
    (70, 13, 4, 1, 3),
    (71, 14, 4, 1, 3),
    (72, 15, 4, 1, 3),
    (73, 16, 4, 1, 3),
    (74, 17, 4, 1, 3),
    (75, 18, 4, 1, 2),
    (76, 19, 4, 1, 2),
    (77, 1, 5, 1, 1),
    (78, 2, 5, 1, 1),
    (79, 3, 5, 1, 3),
    (80, 4, 5, 1, 3),
    (81, 5, 5, 1, 3),
    (82, 6, 5, 1, 3),
    (83, 7, 5, 1, 3),
    (84, 8, 5, 1, 3),
    (85, 9, 5, 1, 3),
    (86, 10, 5, 1, 3),
    (87, 11, 5, 1, 3),
    (88, 12, 5, 1, 3),
    (89, 13, 5, 1, 3),
    (90, 14, 5, 1, 3),
    (91, 15, 5, 1, 3),
    (92, 16, 5, 1, 3),
    (93, 17, 5, 1, 3),
    (94, 18, 5, 1, 2),
    (95, 19, 5, 1, 2),
    (96, 1, 6, 1, 1),
    (97, 2, 6, 1, 1),
    (98, 3, 6, 1, 3),
    (99, 4, 6, 1, 3),
    (100, 5, 6, 1, 3),
    (101, 6, 6, 1, 3),
    (102, 7, 6, 1, 3),
    (103, 8, 6, 1, 3),
    (104, 9, 6, 1, 3),
    (105, 10, 6, 1, 3),
    (106, 11, 6, 1, 3),
    (107, 12, 6, 1, 3),
    (108, 13, 6, 1, 3),
    (109, 14, 6, 1, 3),
    (110, 15, 6, 1, 3),
    (111, 16, 6, 1, 3),
    (112, 17, 6, 1, 3),
    (113, 18, 6, 1, 2),
    (114, 19, 6, 1, 2),
    (115, 1, 7, 1, 1),
    (116, 2, 7, 1, 1),
    (117, 3, 7, 1, 2),
    (118, 4, 7, 1, 2),
    (119, 5, 7, 1, 2),
    (120, 6, 7, 1, 2),
    (121, 7, 7, 1, 2),
    (122, 8, 7, 1, 2),
    (123, 9, 7, 1, 2),
    (124, 10, 7, 1, 2),
    (125, 11, 7, 1, 2),
    (126, 12, 7, 1, 2),
    (127, 13, 7, 1, 2),
    (128, 14, 7, 1, 2),
    (129, 15, 7, 1, 2),
    (130, 16, 7, 1, 2),
    (131, 17, 7, 1, 2),
    (132, 18, 7, 1, 2),
    (133, 19, 7, 1, 2),
    (134, 1, 8, 1, 1),
    (135, 2, 8, 1, 1),
    (136, 3, 8, 1, 2),
    (137, 4, 8, 1, 2),
    (138, 5, 8, 1, 2),
    (139, 6, 8, 1, 2),
    (140, 7, 8, 1, 2),
    (141, 8, 8, 1, 2),
    (142, 9, 8, 1, 2),
    (143, 10, 8, 1, 2),
    (144, 11, 8, 1, 2),
    (145, 12, 8, 1, 2),
    (146, 13, 8, 1, 2),
    (147, 14, 8, 1, 2),
    (148, 15, 8, 1, 2),
    (149, 16, 8, 1, 2),
    (150, 17, 8, 1, 2),
    (151, 18, 8, 1, 2),
    (152, 19, 8, 1, 2),
    (153, 1, 9, 1, 1),
    (154, 2, 9, 1, 1),
    (155, 3, 9, 1, 2),
    (156, 4, 9, 1, 2),
    (157, 5, 9, 1, 2),
    (158, 6, 9, 1, 2),
    (159, 7, 9, 1, 2),
    (160, 8, 9, 1, 2),
    (161, 9, 9, 1, 2),
    (162, 10, 9, 1, 2),
    (163, 11, 9, 1, 2),
    (164, 12, 9, 1, 2),
    (165, 13, 9, 1, 2),
    (166, 14, 9, 1, 2),
    (167, 15, 9, 1, 2),
    (168, 16, 9, 1, 2),
    (169, 17, 9, 1, 2),
    (170, 18, 9, 1, 2),
    (171, 19, 9, 1, 2),
    (172, 1, 10, 1, 2),
    (173, 2, 10, 1, 2),
    (174, 3, 10, 1, 2),
    (175, 4, 10, 1, 2),
    (176, 5, 10, 1, 2),
    (177, 6, 10, 1, 2),
    (178, 7, 10, 1, 2),
    (179, 8, 10, 1, 2),
    (180, 9, 10, 1, 2),
    (181, 10, 10, 1, 2),
    (182, 11, 10, 1, 2),
    (183, 12, 10, 1, 2),
    (184, 13, 10, 1, 2),
    (185, 14, 10, 1, 2),
    (186, 15, 10, 1, 2),
    (187, 16, 10, 1, 2),
    (188, 17, 10, 1, 2),
    (189, 18, 10, 1, 2),
    (190, 19, 10, 1, 2),
    (191, 1, 1, 2, 2),
    (192, 2, 1, 2, 2),
    (193, 3, 1, 2, 1),
    (194, 4, 1, 2, 1),
    (195, 5, 1, 2, 2),
    (196, 6, 1, 2, 2),
    (197, 7, 1, 2, 2),
    (198, 8, 1, 2, 2),
    (199, 9, 1, 2, 2),
    (200, 10, 1, 2, 2),
    (201, 11, 1, 2, 2),
    (202, 12, 1, 2, 2),
    (203, 13, 1, 2, 2),
    (204, 14, 1, 2, 2),
    (205, 15, 1, 2, 2),
    (206, 16, 1, 2, 2),
    (207, 17, 1, 2, 2),
    (208, 18, 1, 2, 2),
    (209, 19, 1, 2, 2),
    (210, 20, 1, 2, 2),
    (211, 1, 2, 2, 2),
    (212, 2, 2, 2, 2),
    (213, 3, 2, 2, 1),
    (214, 4, 2, 2, 1),
    (215, 5, 2, 2, 2),
    (216, 6, 2, 2, 2),
    (217, 7, 2, 2, 2),
    (218, 8, 2, 2, 2),
    (219, 9, 2, 2, 2),
    (220, 10, 2, 2, 2),
    (221, 11, 2, 2, 2),
    (222, 12, 2, 2, 2),
    (223, 13, 2, 2, 2),
    (224, 14, 2, 2, 2),
    (225, 15, 2, 2, 2),
    (226, 16, 2, 2, 2),
    (227, 17, 2, 2, 2),
    (228, 18, 2, 2, 2),
    (229, 19, 2, 2, 2),
    (230, 20, 2, 2, 2),
    (231, 1, 3, 2, 2),
    (232, 2, 3, 2, 2),
    (233, 3, 3, 2, 1),
    (234, 4, 3, 2, 1),
    (235, 5, 3, 2, 2),
    (236, 6, 3, 2, 2),
    (237, 7, 3, 2, 2),
    (238, 8, 3, 2, 2),
    (239, 9, 3, 2, 2),
    (240, 10, 3, 2, 2),
    (241, 11, 3, 2, 2),
    (242, 12, 3, 2, 2),
    (243, 13, 3, 2, 2),
    (244, 14, 3, 2, 2),
    (245, 15, 3, 2, 2),
    (246, 16, 3, 2, 2),
    (247, 17, 3, 2, 2),
    (248, 18, 3, 2, 2),
    (249, 19, 3, 2, 2),
    (250, 20, 3, 2, 2),
    (251, 1, 4, 2, 2),
    (252, 2, 4, 2, 2),
    (253, 3, 4, 2, 1),
    (254, 4, 4, 2, 1),
    (255, 5, 4, 2, 2),
    (256, 6, 4, 2, 2),
    (257, 7, 4, 2, 2),
    (258, 8, 4, 2, 2),
    (259, 9, 4, 2, 2),
    (260, 10, 4, 2, 2),
    (261, 11, 4, 2, 2),
    (262, 12, 4, 2, 2),
    (263, 13, 4, 2, 2),
    (264, 14, 4, 2, 2),
    (265, 15, 4, 2, 2),
    (266, 16, 4, 2, 2),
    (267, 17, 4, 2, 2),
    (268, 18, 4, 2, 2),
    (269, 19, 4, 2, 2),
    (270, 20, 4, 2, 2),
    (271, 1, 5, 2, 2),
    (272, 2, 5, 2, 2),
    (273, 3, 5, 2, 1),
    (274, 4, 5, 2, 1),
    (275, 5, 5, 2, 3),
    (276, 6, 5, 2, 3),
    (277, 7, 5, 2, 3),
    (278, 8, 5, 2, 3),
    (279, 9, 5, 2, 3),
    (280, 10, 5, 2, 3),
    (281, 11, 5, 2, 3),
    (282, 12, 5, 2, 3),
    (283, 13, 5, 2, 3),
    (284, 14, 5, 2, 3),
    (285, 15, 5, 2, 3),
    (286, 16, 5, 2, 3),
    (287, 17, 5, 2, 3),
    (288, 18, 5, 2, 2),
    (289, 19, 5, 2, 2),
    (290, 20, 5, 2, 2),
    (291, 1, 6, 2, 2),
    (292, 2, 6, 2, 2),
    (293, 3, 6, 2, 1),
    (294, 4, 6, 2, 1),
    (295, 5, 6, 2, 3),
    (296, 6, 6, 2, 3),
    (297, 7, 6, 2, 3),
    (298, 8, 6, 2, 3),
    (299, 9, 6, 2, 3),
    (300, 10, 6, 2, 3),
    (301, 11, 6, 2, 3),
    (302, 12, 6, 2, 3),
    (303, 13, 6, 2, 3),
    (304, 14, 6, 2, 3),
    (305, 15, 6, 2, 3),
    (306, 16, 6, 2, 3),
    (307, 17, 6, 2, 3),
    (308, 18, 6, 2, 2),
    (309, 19, 6, 2, 2),
    (310, 20, 6, 2, 2),
    (311, 1, 7, 2, 2),
    (312, 2, 7, 2, 2),
    (313, 3, 7, 2, 1),
    (314, 4, 7, 2, 1),
    (315, 5, 7, 2, 2),
    (316, 6, 7, 2, 2),
    (317, 7, 7, 2, 2),
    (318, 8, 7, 2, 2),
    (319, 9, 7, 2, 2),
    (320, 10, 7, 2, 2),
    (321, 11, 7, 2, 2),
    (322, 12, 7, 2, 2),
    (323, 13, 7, 2, 2),
    (324, 14, 7, 2, 2),
    (325, 15, 7, 2, 2),
    (326, 16, 7, 2, 2),
    (327, 17, 7, 2, 2),
    (328, 18, 7, 2, 2),
    (329, 19, 7, 2, 2),
    (330, 20, 7, 2, 2),
    (331, 1, 8, 2, 2),
    (332, 2, 8, 2, 2),
    (333, 3, 8, 2, 1),
    (334, 4, 8, 2, 1),
    (335, 5, 8, 2, 2),
    (336, 6, 8, 2, 2),
    (337, 7, 8, 2, 2),
    (338, 8, 8, 2, 2),
    (339, 9, 8, 2, 2),
    (340, 10, 8, 2, 2),
    (341, 11, 8, 2, 2),
    (342, 12, 8, 2, 2),
    (343, 13, 8, 2, 2),
    (344, 14, 8, 2, 2),
    (345, 15, 8, 2, 2),
    (346, 16, 8, 2, 2),
    (347, 17, 8, 2, 2),
    (348, 18, 8, 2, 2),
    (349, 19, 8, 2, 2),
    (350, 20, 8, 2, 2),
    (351, 1, 9, 2, 2),
    (352, 2, 9, 2, 2),
    (353, 3, 9, 2, 2),
    (354, 4, 9, 2, 2),
    (355, 5, 9, 2, 2),
    (356, 6, 9, 2, 2),
    (357, 7, 9, 2, 2),
    (358, 8, 9, 2, 2),
    (359, 9, 9, 2, 2),
    (360, 10, 9, 2, 2),
    (361, 11, 9, 2, 2),
    (362, 12, 9, 2, 2),
    (363, 13, 9, 2, 2),
    (364, 14, 9, 2, 2),
    (365, 15, 9, 2, 2),
    (366, 16, 9, 2, 2),
    (367, 17, 9, 2, 2),
    (368, 18, 9, 2, 2),
    (369, 19, 9, 2, 2),
    (370, 20, 9, 2, 2),
    (371, 1, 1, 3, 1),
    (372, 2, 1, 3, 1),
    (373, 3, 1, 3, 2),
    (374, 4, 1, 3, 2),
    (375, 5, 1, 3, 2),
    (376, 6, 1, 3, 2),
    (377, 7, 1, 3, 2),
    (378, 8, 1, 3, 2),
    (379, 9, 1, 3, 2),
    (380, 10, 1, 3, 2),
    (381, 11, 1, 3, 2),
    (382, 12, 1, 3, 2),
    (383, 13, 1, 3, 2),
    (384, 14, 1, 3, 2),
    (385, 15, 1, 3, 2),
    (386, 16, 1, 3, 1),
    (387, 17, 1, 3, 1),
    (388, 1, 2, 3, 1),
    (389, 2, 2, 3, 1),
    (390, 3, 2, 3, 2),
    (391, 4, 2, 3, 2),
    (392, 5, 2, 3, 2),
    (393, 6, 2, 3, 2),
    (394, 7, 2, 3, 2),
    (395, 8, 2, 3, 2),
    (396, 9, 2, 3, 2),
    (397, 10, 2, 3, 2),
    (398, 11, 2, 3, 2),
    (399, 12, 2, 3, 2),
    (400, 13, 2, 3, 2),
    (401, 14, 2, 3, 2),
    (402, 15, 2, 3, 2),
    (403, 16, 2, 3, 1),
    (404, 17, 2, 3, 1),
    (405, 1, 3, 3, 1),
    (406, 2, 3, 3, 1),
    (407, 3, 3, 3, 2),
    (408, 4, 3, 3, 2),
    (409, 5, 3, 3, 2),
    (410, 6, 3, 3, 2),
    (411, 7, 3, 3, 2),
    (412, 8, 3, 3, 2),
    (413, 9, 3, 3, 2),
    (414, 10, 3, 3, 2),
    (415, 11, 3, 3, 2),
    (416, 12, 3, 3, 2),
    (417, 13, 3, 3, 2),
    (418, 14, 3, 3, 2),
    (419, 15, 3, 3, 2),
    (420, 16, 3, 3, 1),
    (421, 17, 3, 3, 1),
    (422, 1, 4, 3, 1),
    (423, 2, 4, 3, 1),
    (424, 3, 4, 3, 2),
    (425, 4, 4, 3, 3),
    (426, 5, 4, 3, 3),
    (427, 6, 4, 3, 3),
    (428, 7, 4, 3, 3),
    (429, 8, 4, 3, 3),
    (430, 9, 4, 3, 3),
    (431, 10, 4, 3, 3),
    (432, 11, 4, 3, 3),
    (433, 12, 4, 3, 3),
    (434, 13, 4, 3, 3),
    (435, 14, 4, 3, 3),
    (436, 15, 4, 3, 2),
    (437, 16, 4, 3, 1),
    (438, 17, 4, 3, 1),
    (439, 1, 5, 3, 1),
    (440, 2, 5, 3, 1),
    (441, 3, 5, 3, 2),
    (442, 4, 5, 3, 3),
    (443, 5, 5, 3, 3),
    (444, 6, 5, 3, 3),
    (445, 7, 5, 3, 3),
    (446, 8, 5, 3, 3),
    (447, 9, 5, 3, 3),
    (448, 10, 5, 3, 3),
    (449, 11, 5, 3, 3),
    (450, 12, 5, 3, 3),
    (451, 13, 5, 3, 3),
    (452, 14, 5, 3, 3),
    (453, 15, 5, 3, 2),
    (454, 16, 5, 3, 1),
    (455, 17, 5, 3, 1),
    (456, 1, 6, 3, 1),
    (457, 2, 6, 3, 1),
    (458, 3, 6, 3, 2),
    (459, 4, 6, 3, 3),
    (460, 5, 6, 3, 3),
    (461, 6, 6, 3, 3),
    (462, 7, 6, 3, 3),
    (463, 8, 6, 3, 3),
    (464, 9, 6, 3, 3),
    (465, 10, 6, 3, 3),
    (466, 11, 6, 3, 3),
    (467, 12, 6, 3, 3),
    (468, 13, 6, 3, 3),
    (469, 14, 6, 3, 3),
    (470, 15, 6, 3, 2),
    (471, 16, 6, 3, 1),
    (472, 17, 6, 3, 1),
    (473, 1, 7, 3, 1),
    (474, 2, 7, 3, 1),
    (475, 3, 7, 3, 2),
    (476, 4, 7, 3, 2),
    (477, 5, 7, 3, 2),
    (478, 6, 7, 3, 2),
    (479, 7, 7, 3, 2),
    (480, 8, 7, 3, 2),
    (481, 9, 7, 3, 2),
    (482, 10, 7, 3, 2),
    (483, 11, 7, 3, 2),
    (484, 12, 7, 3, 2),
    (485, 13, 7, 3, 2),
    (486, 14, 7, 3, 2),
    (487, 15, 7, 3, 2),
    (488, 16, 7, 3, 1),
    (489, 17, 7, 3, 1),
    (490, 1, 8, 3, 1),
    (491, 2, 8, 3, 1),
    (492, 3, 8, 3, 2),
    (493, 4, 8, 3, 2),
    (494, 5, 8, 3, 2),
    (495, 6, 8, 3, 2),
    (496, 7, 8, 3, 2),
    (497, 8, 8, 3, 2),
    (498, 9, 8, 3, 2),
    (499, 10, 8, 3, 2),
    (500, 11, 8, 3, 2),
    (501, 12, 8, 3, 2),
    (502, 13, 8, 3, 2),
    (503, 14, 8, 3, 2),
    (504, 15, 8, 3, 2),
    (505, 16, 8, 3, 1),
    (506, 17, 8, 3, 1),
    (507, 1, 9, 3, 1),
    (508, 2, 9, 3, 1),
    (509, 3, 9, 3, 2),
    (510, 4, 9, 3, 2),
    (511, 5, 9, 3, 2),
    (512, 6, 9, 3, 2),
    (513, 7, 9, 3, 2),
    (514, 8, 9, 3, 2),
    (515, 9, 9, 3, 2),
    (516, 10, 9, 3, 2),
    (517, 11, 9, 3, 2),
    (518, 12, 9, 3, 2),
    (519, 13, 9, 3, 2),
    (520, 14, 9, 3, 2),
    (521, 15, 9, 3, 2),
    (522, 16, 9, 3, 1),
    (523, 17, 9, 3, 1),
    (524, 1, 10, 3, 2),
    (525, 2, 10, 3, 2),
    (526, 3, 10, 3, 2),
    (527, 4, 10, 3, 2),
    (528, 5, 10, 3, 2),
    (529, 6, 10, 3, 2),
    (530, 7, 10, 3, 2),
    (531, 8, 10, 3, 2),
    (532, 9, 10, 3, 2),
    (533, 10, 10, 3, 2),
    (534, 11, 10, 3, 2),
    (535, 12, 10, 3, 2),
    (536, 13, 10, 3, 2),
    (537, 14, 10, 3, 2),
    (538, 15, 10, 3, 2),
    (539, 16, 10, 3, 2),
    (540, 17, 10, 3, 2),
    (541, 1, 1, 4, 2),
    (542, 2, 1, 4, 2),
    (543, 3, 1, 4, 2),
    (544, 4, 1, 4, 2),
    (545, 5, 1, 4, 2),
    (546, 6, 1, 4, 2),
    (547, 7, 1, 4, 2),
    (548, 8, 1, 4, 2),
    (549, 9, 1, 4, 2),
    (550, 10, 1, 4, 2),
    (551, 11, 1, 4, 2),
    (552, 12, 1, 4, 2),
    (553, 13, 1, 4, 2),
    (554, 14, 1, 4, 1),
    (555, 15, 1, 4, 1),
    (556, 16, 1, 4, 2),
    (557, 17, 1, 4, 2),
    (558, 1, 2, 4, 2),
    (559, 2, 2, 4, 2),
    (560, 3, 2, 4, 2),
    (561, 4, 2, 4, 2),
    (562, 5, 2, 4, 2),
    (563, 6, 2, 4, 2),
    (564, 7, 2, 4, 2),
    (565, 8, 2, 4, 2),
    (566, 9, 2, 4, 2),
    (567, 10, 2, 4, 2),
    (568, 11, 2, 4, 2),
    (569, 12, 2, 4, 2),
    (570, 13, 2, 4, 2),
    (571, 14, 2, 4, 1),
    (572, 15, 2, 4, 1),
    (573, 16, 2, 4, 2),
    (574, 17, 2, 4, 2),
    (575, 1, 3, 4, 2),
    (576, 2, 3, 4, 2),
    (577, 3, 3, 4, 2),
    (578, 4, 3, 4, 2),
    (579, 5, 3, 4, 2),
    (580, 6, 3, 4, 2),
    (581, 7, 3, 4, 2),
    (582, 8, 3, 4, 2),
    (583, 9, 3, 4, 2),
    (584, 10, 3, 4, 2),
    (585, 11, 3, 4, 2),
    (586, 12, 3, 4, 2),
    (587, 13, 3, 4, 2),
    (588, 14, 3, 4, 1),
    (589, 15, 3, 4, 1),
    (590, 16, 3, 4, 2),
    (591, 17, 3, 4, 2),
    (592, 1, 4, 4, 2),
    (593, 2, 4, 4, 2),
    (594, 3, 4, 4, 3),
    (595, 4, 4, 4, 3),
    (596, 5, 4, 4, 3),
    (597, 6, 4, 4, 3),
    (598, 7, 4, 4, 3),
    (599, 8, 4, 4, 3),
    (600, 9, 4, 4, 3),
    (601, 10, 4, 4, 3),
    (602, 11, 4, 4, 3),
    (603, 12, 4, 4, 3),
    (604, 13, 4, 4, 3),
    (605, 14, 4, 4, 1),
    (606, 15, 4, 4, 1),
    (607, 16, 4, 4, 2),
    (608, 17, 4, 4, 2),
    (609, 1, 5, 4, 2),
    (610, 2, 5, 4, 2),
    (611, 3, 5, 4, 3),
    (612, 4, 5, 4, 3),
    (613, 5, 5, 4, 3),
    (614, 6, 5, 4, 3),
    (615, 7, 5, 4, 3),
    (616, 8, 5, 4, 3),
    (617, 9, 5, 4, 3),
    (618, 10, 5, 4, 3),
    (619, 11, 5, 4, 3),
    (620, 12, 5, 4, 3),
    (621, 13, 5, 4, 3),
    (622, 14, 5, 4, 1),
    (623, 15, 5, 4, 1),
    (624, 16, 5, 4, 2),
    (625, 17, 5, 4, 2),
    (626, 1, 6, 4, 2),
    (627, 2, 6, 4, 2),
    (628, 3, 6, 4, 3),
    (629, 4, 6, 4, 3),
    (630, 5, 6, 4, 3),
    (631, 6, 6, 4, 3),
    (632, 7, 6, 4, 3),
    (633, 8, 6, 4, 3),
    (634, 9, 6, 4, 3),
    (635, 10, 6, 4, 3),
    (636, 11, 6, 4, 3),
    (637, 12, 6, 4, 3),
    (638, 13, 6, 4, 3),
    (639, 14, 6, 4, 1),
    (640, 15, 6, 4, 1),
    (641, 16, 6, 4, 2),
    (642, 17, 6, 4, 2),
    (643, 1, 7, 4, 2),
    (644, 2, 7, 4, 2),
    (645, 3, 7, 4, 3),
    (646, 4, 7, 4, 3),
    (647, 5, 7, 4, 3),
    (648, 6, 7, 4, 3),
    (649, 7, 7, 4, 3),
    (650, 8, 7, 4, 3),
    (651, 9, 7, 4, 3),
    (652, 10, 7, 4, 3),
    (653, 11, 7, 4, 3),
    (654, 12, 7, 4, 3),
    (655, 13, 7, 4, 3),
    (656, 14, 7, 4, 1),
    (657, 15, 7, 4, 1),
    (658, 16, 7, 4, 2),
    (659, 17, 7, 4, 2),
    (660, 1, 8, 4, 2),
    (661, 2, 8, 4, 2),
    (662, 3, 8, 4, 2),
    (663, 4, 8, 4, 2),
    (664, 5, 8, 4, 2),
    (665, 6, 8, 4, 2),
    (666, 7, 8, 4, 2),
    (667, 8, 8, 4, 2),
    (668, 9, 8, 4, 2),
    (669, 10, 8, 4, 2),
    (670, 11, 8, 4, 2),
    (671, 12, 8, 4, 2),
    (672, 13, 8, 4, 2),
    (673, 14, 8, 4, 1),
    (674, 15, 8, 4, 1),
    (675, 16, 8, 4, 2),
    (676, 17, 8, 4, 2),
    (677, 1, 9, 4, 2),
    (678, 2, 9, 4, 2),
    (679, 3, 9, 4, 2),
    (680, 4, 9, 4, 2),
    (681, 5, 9, 4, 2),
    (682, 6, 9, 4, 2),
    (683, 7, 9, 4, 2),
    (684, 8, 9, 4, 2),
    (685, 9, 9, 4, 2),
    (686, 10, 9, 4, 2),
    (687, 11, 9, 4, 2),
    (688, 12, 9, 4, 2),
    (689, 13, 9, 4, 2),
    (690, 14, 9, 4, 1),
    (691, 15, 9, 4, 1),
    (692, 16, 9, 4, 2),
    (693, 17, 9, 4, 2),
    (694, 1, 10, 4, 2),
    (695, 2, 10, 4, 2),
    (696, 3, 10, 4, 2),
    (697, 4, 10, 4, 2),
    (698, 5, 10, 4, 2),
    (699, 6, 10, 4, 2),
    (700, 7, 10, 4, 2),
    (701, 8, 10, 4, 2),
    (702, 9, 10, 4, 2),
    (703, 10, 10, 4, 2),
    (704, 11, 10, 4, 2),
    (705, 12, 10, 4, 2),
    (706, 13, 10, 4, 2),
    (707, 14, 10, 4, 2),
    (708, 15, 10, 4, 2),
    (709, 16, 10, 4, 2),
    (710, 17, 10, 4, 2);